<?xml version="1.0" encoding="utf-8"?>
<ApplicationInstallerManifest>
   <DefaultInstallationDirectory>/Applications/Datalogger/</DefaultInstallationDirectory>
   <ApplicationName>Datalogger</ApplicationName>
   <ExecutableName>application/Datalogger.exe</ExecutableName>
   <GUID>d2566095-705e-4b65-88f7-bb94e741dbd4</GUID>
   <ApplicationIcon>default_icon_48.png</ApplicationIcon>
   <Logo>default_logo.png</Logo>
   <Version>1.0</Version>
   <InstallationNotes>Download arduino code in order to use it with Datalogger (page needs to be added)</InstallationNotes>
   <Summary>Real time application used to inject set-point and acquire system response graphically with option to export it on a .xls file</Summary>
   <WelcomePanelText>Datalogger 1.0
Real time application used to inject set-point and acquire system response graphically with option to export it on a .xls file

Datalogger application is capable of stablishing a synchronous serial communication with embedded system. Thorugh this communication protocol, Datalogger injects a desired Setpoint to the system and acquires the system response. This response is shown graphically and also can be exported as a spreadsheet file (.xls)
</WelcomePanelText>
   <MCRProducts>
      <MCRProduct>
         <ExternalProductIdentifier>35000</ExternalProductIdentifier>
      </MCRProduct>
      <MCRProduct>
         <ExternalProductIdentifier>35010</ExternalProductIdentifier>
      </MCRProduct>
   </MCRProducts>
</ApplicationInstallerManifest>